latitud,longitud,codigo,municipio,provincia,predios_urbanos_igac,predios_rurales_igac,area_km2,area_urbana_ha,pct_urbano,pct_rural,pct_de_boyaca,jerarquia_urbana,categoria_urbana,valor_agregado,empresas_matriculadas,empresas_renovadas,empresas_canceladas,comfaboy_empresas,comfaboy_empleos,pob_0_6,pob_7_14,pob_15_17,pob_18_26,pob_27_59,pob_60_mas,hombres,mujeres,poblacion,captaciones,colocaciones,finagro,bancoldex,icm_puesto,produccion_agricola_ton,bovinos,icfes,matricula_escolar,establecimientos_educativos,ips,camas,regimen_contributivo,regimen_especial,regimen_subsidiado,acueductos,riesgo_agua,eventos_riesgo,densidad_hab_km2,valor_agregado_por_hab_millones,pred_urbanos,pred_vivienda_rural,pred_agropecuarios,pred_atipicos,ha_urbana_predios,ha_vivienda_rural,ha_agropecuaria
5.5149,-73.379567,15001,Tunja,Centro,27858,4365,119.76,1242.83,10.378,89.622,0.518,2,Ciudad principal,5163.71,2419,9184,2483,5001,65805,15738,21335,9257,30856,85441,24659,88641,98645,187286,277708.88,2643042.41,82321.27,9876.03,7,106100.35,10538,290.45,35538,125,648,855,136796,12650,68998,19,Sin riesgo,27,1563.84,27.571,27858,163,4199,3,1082.66,2.85,9449.28
4.96035,-73.378481,15022,Almeida,Oriente,248,1850,57.7,20.2,0.35,99.65,0.249,94,Núcleo urbano básico,31.67,20,47,6,7,22,136,175,72,187,801,677,1079,969,2048,33305.34,154.04,1601.94,61.77,,4337.15,2436,260,199,1,1,0,170,2,1131,3,Medio,6,35.49,15.464,248,6,1844,0,17.6,0.13,5718.25
5.421375,-72.893969,15047,Aquitania,Sugamuxi,1887,19833,941.77,93.15,0.099,99.901,4.072,22,Centro urbano local,582.07,98,389,11,45,355,1843,2197,784,2097,6915,2644,8444,8036,16480,21602.76,47614.09,35963.1,217.17,53,87274.09,17330,242.33,2669,5,3,7,927,29,12552,7,Medio,19,17.5,35.32,1887,1659,18173,1,80.64,31.68,91031.68
5.755525,-73.451642,15051,Arcabuco,Ricaurte,754,2897,137.91,51.65,0.375,99.625,0.596,38,Centro urbano local,197.19,55,256,48,52,293,661,808,306,889,2666,1011,3171,3170,6341,276411.87,26679.39,8464.56,124.57,,66302.74,9506,256,1011,1,4,0,967,5,3668,5,Medio,2,45.98,31.098,754,163,2734,0,44.74,2.12,13611.45
6.016955,-72.917517,15087,Belén,Tundama,2203,5877,163.01,100.12,0.614,99.386,0.705,19,Centro urbano menor,143.42,64,408,40,85,493,709,970,377,1025,3263,1643,3826,4161,7987,61876.08,43310.13,11682.2,685.02,,13083.74,15814,267.5,1500,4,7,0,1789,19,4777,4,Medio,1,49.0,17.957,2203,24,5853,0,84.88,0.46,27517.91
5.23072,-73.124962,15090,Berbeo,Lengupá,225,999,58.02,12.01,0.207,99.793,0.251,110,Núcleo urbano básico,39.6,12,32,0,7,24,139,181,70,158,659,493,852,848,1700,12599.65,69.58,1983.99,11.4,,2983.6,4164,277,201,1,1,0,181,,1106,3,Alto,,29.3,23.294,225,1,998,0,9.83,0.03,5829.18
5.92195,-72.858909,15092,Betéitiva,Valderrama,87,3846,101.84,6.55,0.064,99.936,0.44,123,Núcleo urbano básico,42.39,6,41,3,5,25,170,202,80,280,769,568,1015,1054,2069,32857.07,27.33,1720.28,0,,2023.3,3115,271,210,2,1,0,302,3,930,3,Medio,6,20.32,20.488,87,8,3838,0,5.86,0.18,10182.9
6.33312,-72.609618,15097,Boavita,Norte,907,4407,145.2,49.19,0.339,99.661,0.628,42,Centro urbano local,126.9,34,229,26,27,374,436,635,239,592,2030,1490,2718,2704,5422,25020.06,9312.13,3387.58,97.57,,11729.39,8176,276,869,3,2,0,604,51,3515,3,Medio,3,37.34,23.405,907,40,4367,0,43.04,0.56,14359.35
5.439005,-73.379662,15104,Boyacá,Márquez,337,5174,47.96,27.22,0.568,99.432,0.207,80,Núcleo urbano básico,192.94,28,74,13,36,118,502,671,254,640,2134,1247,2841,2607,5448,12096.6,218.12,5617.2,18.64,,15959.63,5367,261.5,711,2,1,0,664,6,3879,8,Medio,6,113.59,35.415,337,22,5152,0,23.59,0.39,4704.72
5.6794,-73.918449,15106,Briceño,Occidente,206,1647,64.67,17.53,0.271,99.729,0.28,102,Núcleo urbano básico,115.68,17,53,8,6,27,193,283,107,254,932,548,1261,1056,2317,122.46,27.55,2347.36,30,,16188.98,2547,264,366,1,1,0,195,8,1714,4,Medio,,35.83,49.927,206,1,1646,0,14.58,0.0,6665.86
5.487345,-73.957048,15109,Buenavista,Occidente,243,2831,110.15,15.12,0.137,99.863,0.476,105,Núcleo urbano básico,131.73,29,131,19,10,36,377,562,205,444,1990,1110,2440,2248,4688,11704.15,181.34,4440.69,53.62,,21839.95,6496,251,678,2,1,0,337,8,3640,6,Alto,2,42.56,28.099,243,11,2820,0,12.74,0.2,10687.04
5.844595,-72.874446,15114,Busbanzá,Tundama,125,772,25.34,7.27,0.287,99.713,0.11,121,Núcleo urbano básico,18.59,5,24,1,2,12,152,119,42,149,472,266,600,600,1200,272.77,15.24,569.3,1,,118.7,738,250,132,1,1,0,375,2,514,2,Bajo,1,47.36,15.492,125,4,768,0,6.04,0.07,2533.51
5.575285,-73.883883,15131,Caldas,Occidente,244,3031,78.91,24.68,0.313,99.687,0.341,86,Núcleo urbano básico,64.99,20,70,8,10,36,272,389,152,368,1345,809,1653,1682,3335,11510.37,220.75,5429.54,11.93,,9365.81,10790,248,382,2,1,0,238,2,2094,7,Alto,1,42.26,19.487,244,3,3028,0,21.45,0.05,7859.53
5.00352,-73.120424,15135,Campohermoso,Lengupá,474,3007,298.63,34.21,0.115,99.885,1.291,64,Centro urbano local,59.58,17,63,13,8,41,370,423,146,380,1240,740,1682,1617,3299,201280.84,9959.08,4769.4,0,,2548.53,18714,265,434,2,1,0,275,25,2036,2,Medio,,11.05,18.06,474,37,2970,0,28.68,0.67,29531.78
5.97078,-72.968147,15162,Cerinza,Tundama,582,4435,63.6,39.82,0.626,99.374,0.275,56,Centro urbano local,55.24,23,134,9,21,195,276,403,175,535,1597,959,1930,2015,3945,17965.59,148.52,4175.54,62.36,,1531.87,5306,280,491,1,1,0,748,4,2112,5,Medio,2,62.03,14.003,582,177,4258,0,34.29,2.22,6052.08
5.2095,-73.339855,15172,Chinavita,Neira,718,4524,136.23,39.17,0.288,99.712,0.589,58,Centro urbano local,56.84,8,57,15,15,48,258,333,125,323,1318,1055,1678,1734,3412,363.97,18529.52,3402.47,0,,2917.21,7014,245,431,2,2,0,294,7,2017,4,Alto,5,25.05,16.659,718,19,4505,0,32.34,0.38,13457.25
5.627145,-73.772275,15176,Chiquinquirá,Occidente,12485,8606,165.07,473.4,2.868,97.132,0.714,5,Ciudad intermedia,1329.04,555,2338,590,743,4384,5459,7886,3285,9257,26282,8568,29096,31641,60737,603787.94,417496.4,27730.15,90.13,16,15343.13,32826,275.38,11564,26,97,89,28044,2460,31397,9,Bajo,6,367.95,21.882,12485,1578,7026,2,397.12,16.01,15891.41
6.67439,-72.408759,15180,Chiscas,Gutiérrez,360,4787,658.24,12.84,0.02,99.98,2.846,109,Núcleo urbano básico,82.33,10,96,4,2,24,351,477,191,507,1565,1104,2129,2066,4195,7.43,13905.62,3684.83,8.41,,4857.23,13793,247,558,4,1,0,201,61,2463,5,Medio,2,6.37,19.626,360,31,4756,0,10.15,0.41,65347.51
6.09721,-72.450788,15183,Chita,Valderrama,974,9256,676.77,51.23,0.076,99.924,2.926,39,Centro urbano local,101.58,22,132,8,8,78,985,1313,453,947,2878,1829,4322,4083,8405,194.96,16925.09,5778.55,63.57,,2926.84,12386,227.75,1555,4,1,1,707,114,6350,4,Medio,4,12.42,12.086,974,50,9206,0,46.04,1.11,63671.48
5.984315,-73.432036,15185,Chitaraque,Ricaurte,414,2517,158.51,19.94,0.126,99.874,0.685,97,Núcleo urbano básico,166.72,30,107,15,14,76,680,792,265,649,2644,1196,3225,3001,6226,175858.73,14156.41,4195.98,36.2,,601751.57,4000,236,863,1,1,0,370,41,4856,3,Medio,,39.28,26.778,414,6,2511,0,17.09,0.12,15744.93
5.57989,-73.24793,15187,Chivatá,Centro,235,2343,49.49,19.71,0.398,99.602,0.214,98,Núcleo urbano básico,61.74,33,87,23,19,110,414,408,131,383,1113,546,1504,1491,2995,176570.75,118.33,2488.45,118.16,,4395.55,3351,272,494,1,1,0,488,2,1810,4,Bajo,5,60.52,20.614,235,10,2333,0,16.95,0.15,4900.05
5.39967,-73.275376,15189,Ciénega,Márquez,730,5221,54.03,33.11,0.613,99.387,0.234,66,Centro urbano local,110.88,30,94,16,21,194,557,638,220,576,1926,1046,2462,2501,4963,18587.61,161.5,7156.1,93.56,,14148.47,6686,270.5,798,2,1,0,338,9,3332,8,Alto,1,91.86,22.341,730,86,5135,0,29.08,0.81,5311.51
5.690535,-73.309234,15204,Cómbita,Centro,632,7842,145.17,42.98,0.296,99.704,0.628,49,Centro urbano local,232.1,70,293,50,67,598,1036,1243,472,1831,7291,2167,8743,5297,14040,1.44,541.19,18729.98,96.1,,25931.81,14888,287.6,3042,7,3,0,1104,9,6204,8,Bajo,10,96.71,16.531,632,236,7606,0,37.64,4.39,14587.23
5.44744,-74.022734,15212,Coper,Occidente,349,2166,149.85,21.52,0.144,99.856,0.648,89,Núcleo urbano básico,146.75,7,39,6,5,53,363,450,165,396,1515,943,1996,1836,3832,105.49,4.85,1771.53,129.1,,28174.04,7200,242,438,2,1,0,250,16,2061,3,Medio,,25.57,38.296,349,21,2145,0,18.72,0.25,15234.16
5.8244,-72.839271,15215,Corrales,Tundama,525,1767,60.8,41.31,0.679,99.321,0.263,50,Centro urbano local,104.72,19,125,2,37,212,253,270,114,392,1148,497,1382,1292,2674,0.04,52.31,2492.68,0,,2895.72,1162,283,395,1,1,0,677,1,1062,5,Medio,4,43.98,39.162,525,68,1699,0,35.33,0.81,5966.08
6.511415,-72.731453,15218,Covarachía,Norte,215,1788,102.32,11.47,0.112,99.888,0.442,113,Núcleo urbano básico,80.11,10,74,6,3,34,292,359,124,303,1101,762,1538,1403,2941,62222.99,9854.81,4692.51,156.94,,8323.72,2641,236,433,1,1,0,199,5,2384,3,Medio,3,28.74,27.239,215,3,1785,0,9.81,0.08,10058.9
6.87531,-72.199485,15223,Cubará,Gutiérrez,765,302,1176.38,104.46,0.089,99.911,5.086,16,Centro urbano menor,229.48,,,,17,143,2249,2078,620,1677,3774,897,5662,5633,11295,11572.35,14464.04,2249.17,15,,789.04,9218,251,1481,2,5,6,1210,165,9497,5,Medio,5,9.6,20.317,765,4,298,0,94.76,0.04,111144.14
5.52727,-73.450546,15224,Cucaita,Centro,475,2025,42.07,28.83,0.685,99.315,0.182,74,Núcleo urbano básico,79.42,23,115,13,23,211,452,502,192,590,1634,650,2032,1988,4020,7.98,175.32,3640.44,40.59,,8741.48,1924,256,645,2,2,0,428,2,2702,8,Medio,3,95.56,19.756,475,89,1936,0,24.89,0.95,4148.05
5.587475,-72.949492,15226,Cuítiva,Sugamuxi,107,3804,44.14,7.53,0.171,99.829,0.191,119,Núcleo urbano básico,38.57,33,38,2,8,18,225,252,80,213,720,420,938,972,1910,25187.47,66.97,2102.22,25.51,,3953.62,3153,258,309,1,1,0,158,1,1232,6,Bajo,3,43.27,20.194,107,90,3714,0,6.41,1.35,3517.02
5.637415,-73.442383,15232,Chíquiza,Centro,172,2667,116.53,17.74,0.152,99.848,0.504,101,Núcleo urbano básico,103.66,8,27,9,7,46,549,654,236,600,2038,949,2576,2450,5026,30.17,156.27,12518.23,1174.64,,22697.71,8672,275,643,2,1,0,269,4,3785,6,Bajo,10,43.13,20.625,172,23,2644,0,13.15,0.53,12002.92
4.86036,-73.354305,15236,Chivor,Oriente,177,1215,108.62,9.74,0.09,99.91,0.47,116,Núcleo urbano básico,38.08,13,40,5,11,42,226,313,114,286,1095,630,1447,1217,2664,2537.18,7798.41,1752.08,11.19,,4760.23,3148,254,295,1,1,0,201,5,1531,3,Alto,3,24.53,14.294,177,5,1210,0,7.92,0.05,10229.03
5.89604,-73.06848,15238,Duitama,Tundama,27178,10133,233.93,1049.55,4.487,95.513,1.011,3,Ciudad principal,3178.2,1279,8533,1218,3099,25006,10778,14987,6242,19212,60830,20845,63376,69518,132894,419317.97,1116773.55,38143.28,9395.71,12,7565.45,13587,289.08,15872,61,310,173,80424,5292,51899,16,Sin riesgo,9,568.09,23.915,27178,2053,8074,6,878.7,29.86,24418.65
6.356295,-72.413899,15244,El Cocuy,Gutiérrez,1041,3542,238.19,101.7,0.427,99.573,1.03,17,Centro urbano menor,76.36,32,195,10,13,110,470,601,214,507,1795,835,2275,2147,4422,38034.28,16989.66,7172.78,31.14,,3583.8,13710,278.5,696,3,3,8,420,76,3090,5,Medio,,18.57,17.268,1041,2,3540,0,93.32,0.04,25222.47
6.50688,-72.478749,15248,El Espino,Gutiérrez,567,2726,69.31,28.34,0.409,99.591,0.3,76,Núcleo urbano básico,45.03,8,114,8,8,83,262,334,134,454,1278,786,1621,1627,3248,31449.1,9504.31,2812.23,8.26,,769.74,7417,257.5,423,2,1,0,221,40,1727,6,Medio,7,46.86,13.864,567,7,2719,0,23.74,0.12,6873.71
5.67487,-73.021444,15272,Firavitoba,Sugamuxi,1088,7885,109.34,58.34,0.534,99.466,0.473,35,Centro urbano local,127.45,34,162,6,47,278,635,762,292,874,2894,1737,3548,3646,7194,13107.71,195.24,4067.82,200.11,,6945.82,12422,268.5,725,2,2,0,1040,4,2939,4,Bajo,8,65.79,17.716,1088,124,7761,0,50.81,2.55,10676.75
5.86206,-72.932375,15276,Floresta,Tundama,527,3969,88.11,39.46,0.448,99.552,0.381,57,Centro urbano local,47.21,19,118,16,10,35,270,354,142,407,1322,966,1644,1817,3461,61250.81,73.17,2633.75,48.12,,831.33,6144,271,472,1,2,0,439,9,2431,5,Medio,2,39.28,13.641,527,80,3889,0,34.99,1.31,8607.78
5.74135,-73.5349,15293,Gachantivá,Ricaurte,194,2853,88.21,11.66,0.132,99.868,0.381,112,Núcleo urbano básico,69.98,24,85,18,10,55,302,358,127,300,1199,672,1564,1394,2958,26353.78,9383.39,2952.97,16.6,,17676.12,5007,248,529,2,1,0,278,14,2166,5,Alto,2,33.53,23.658,194,20,2833,0,9.94,0.43,8788.24
5.810745,-72.749508,15296,Gámeza,Sugamuxi,596,5250,123.62,40.45,0.327,99.673,0.535,54,Centro urbano local,81.33,50,113,0,35,249,632,672,231,629,2024,977,2652,2513,5165,16142.04,28448.19,6428.48,55.55,,7319.19,8273,228.5,855,2,1,0,841,6,3001,6,Alto,1,41.78,15.746,596,68,5182,0,36.07,1.04,12025.48
5.087825,-73.316474,15299,Garagoa,Neira,5316,7323,193.5,190.72,0.986,99.014,0.837,9,Centro urbano menor,283.98,121,705,191,127,1115,1645,2065,784,2209,7940,4772,9247,10168,19415,11353.1,97758.62,14691.41,969.0,25,2823.28,15693,290.67,2700,6,24,30,5672,709,9435,4,Medio,6,100.34,14.627,5316,93,7230,0,158.05,1.54,19182.74
6.44372,-72.516027,15317,Guacamayas,Gutiérrez,297,2841,57.65,23.33,0.405,99.595,0.249,87,Núcleo urbano básico,29.36,6,72,14,2,19,197,232,82,226,697,533,963,1004,1967,14656.58,128.24,1040.13,28.11,,1059.5,4496,297,236,1,1,0,116,12,1049,7,Alto,,34.12,14.926,297,7,2834,0,19.76,0.16,5719.13
5.022195,-73.494487,15322,Guateque,Oriente,3349,4859,36.13,165.97,4.594,95.406,0.156,11,Centro urbano menor,230.23,118,577,104,124,1339,816,1183,469,1211,4989,2855,5453,6070,11523,123084.64,58489.44,2790.24,114.46,40,883.58,4522,270,1725,4,17,33,2969,528,5535,3,Medio,7,318.93,19.98,3349,207,4651,1,144.18,2.64,3255.0
4.937865,-73.500789,15325,Guayatá,Oriente,739,6456,99.95,25.1,0.251,99.749,0.432,85,Núcleo urbano básico,90.72,16,103,16,18,63,213,326,119,257,1327,1285,1756,1771,3527,28517.09,8613.34,3018.04,9.83,,6708.1,7690,278.5,396,2,1,0,296,,2174,3,Medio,5,35.29,25.722,739,26,6429,1,20.68,0.46,11169.29
6.558705,-72.239034,15332,Güicán De La Sierra,Gutiérrez,571,2922,951.41,27.66,0.029,99.971,4.114,78,Núcleo urbano básico,65.13,31,154,8,9,84,611,650,224,579,1675,806,2309,2236,4545,2684.98,8647.47,3486.06,31.08,,734.81,10851,258,667,1,1,4,359,148,3405,4,Alto,3,4.78,14.33,571,66,2856,0,23.03,0.72,92633.89
5.61915,-72.960832,15362,Iza,Sugamuxi,663,1869,34.22,78.89,2.305,97.695,0.148,27,Centro urbano local,42.54,11,101,2,17,72,225,232,87,273,881,396,1046,1048,2094,5540.75,156.13,856.6,27.23,,725.7,3380,271,318,1,1,0,467,1,1119,1,Sin riesgo,3,61.19,20.315,663,46,1823,0,71.81,0.57,3350.63
5.37321,-73.391769,15367,Jenesano,Márquez,827,6767,59.09,56.45,0.955,99.045,0.255,36,Centro urbano local,217.28,44,223,34,47,243,777,963,340,827,3078,1770,3819,3936,7755,104512.79,18733.41,5341.3,0,,23740,6347,261,1035,1,9,0,585,3,4985,8,Bajo,6,131.24,28.018,827,111,6656,0,49.88,1.86,5778.75
6.13643,-72.58312,15368,Jericó,Valderrama,304,5001,131.67,19.03,0.145,99.855,0.569,100,Núcleo urbano básico,91.3,20,101,8,21,218,471,520,177,541,1613,846,2178,1990,4168,691.55,4.25,3749.32,104.97,,9312.74,3742,230,703,1,1,0,622,13,2828,3,Alto,2,31.65,21.905,304,24,4977,0,16.93,0.5,12988.34
5.54507,-72.573071,15377,Labranzagrande,La Libertad,503,2845,580.84,25.83,0.044,99.956,2.511,83,Núcleo urbano básico,59.81,6,72,0,8,34,353,332,132,456,1573,884,2026,1704,3730,8037.37,17445.41,3991.62,,,7706.65,17956,255,499,1,1,6,415,26,2412,3,Alto,6,6.42,16.035,503,0,2845,0,21.56,0.0,57485.6
5.111215,-73.457927,15380,La Capilla,Oriente,605,4376,56.93,27.9,0.49,99.51,0.246,77,Núcleo urbano básico,82.78,15,77,15,8,56,220,299,105,263,1064,900,1453,1398,2851,34.46,136.99,2944.63,43.27,,4977.14,4271,252,337,1,1,0,168,3,1701,4,Alto,2,50.08,29.035,605,51,4325,0,23.49,0.86,5689.06
5.514975,-74.235653,15401,La Victoria,Occidente,168,0,28.04,6.57,0.234,99.766,0.121,122,Núcleo urbano básico,21.63,3,18,2,5,17,91,122,59,138,534,253,620,577,1197,465.73,8.97,452.29,0,,1525.52,2400,239,159,1,1,0,83,12,831,2,Bajo,1,42.69,18.07,168,0,0,0,5.77,0.0,0.0
6.265055,-72.543147,15403,La Uvita,Norte,562,3385,161.39,43.24,0.268,99.732,0.698,46,Centro urbano local,77.84,20,124,8,17,159,275,319,129,377,1200,920,1659,1561,3220,14888.29,9565.24,3739.67,33.07,,1067.48,12085,249,428,2,4,0,285,17,1550,4,Alto,2,19.95,24.174,562,20,3365,0,37.23,0.35,15834.6
5.662305,-73.53205,15407,Villa De Leyva,Ricaurte,2665,5959,126.53,186.73,1.476,98.524,0.547,10,Centro urbano menor,810.18,338,1490,321,598,2206,1646,1943,761,2503,7741,3033,8623,9004,17627,48108.22,118320.5,7038.57,613.17,6,75464.7,4484,285.5,3413,7,40,16,6071,124,9485,12,Bajo,6,139.31,45.962,2665,113,5845,1,163.03,2.04,11794.76
4.980975,-73.285088,15425,Macanal,Neira,384,4733,199.95,20.06,0.1,99.9,0.865,95,Núcleo urbano básico,82.26,22,92,11,27,103,434,548,210,556,2073,1534,2725,2630,5355,126656.72,18861.64,5675.18,85.57,,4568.5,10725,262,560,1,3,0,346,6,2617,3,Alto,4,26.78,15.361,384,110,4622,1,16.91,1.74,19197.38
5.57304,-74.021003,15442,Maripí,Occidente,252,2796,160.76,20.21,0.126,99.874,0.695,93,Núcleo urbano básico,137.95,44,91,11,13,164,527,770,297,689,2549,1246,3388,2690,6078,117289.46,63.09,4551.99,9.52,,38050.07,5848,235.67,750,3,3,5,421,16,4057,4,Sin riesgo,1,37.81,22.697,252,53,2743,0,17.3,0.42,16005.07
5.15147,-73.168765,15455,Miraflores,Lengupá,1913,4025,258.66,93.17,0.36,99.64,1.118,21,Centro urbano local,220.78,53,411,76,71,456,764,1053,397,1097,4060,2110,4786,4695,9481,64699.19,48223.61,8204.84,485.31,22,42505.49,18276,275,1426,3,16,19,2004,284,5452,6,Bajo,2,36.65,23.287,1913,12,4013,0,78.29,0.12,25824.52
5.69741,-72.685641,15464,Mongua,Sugamuxi,777,5672,360.64,70.95,0.197,99.803,1.559,31,Centro urbano local,117.83,22,82,2,24,314,537,642,232,636,1924,973,2401,2543,4944,508124.65,145.0,5095.29,121.83,,4350.24,9971,235.5,749,2,2,0,875,6,2485,5,Alto,1,13.71,23.833,777,39,5633,0,64.21,0.87,36308.83
5.69693,-72.835687,15466,Monguí,Sugamuxi,1193,5682,68.82,69.79,1.014,98.986,0.298,32,Centro urbano local,65.6,35,204,11,30,149,457,586,221,588,1759,874,2123,2362,4485,31601.27,122.45,2894.62,39.05,35,2678.69,4872,261.5,899,2,1,6,847,9,2429,3,Alto,2,65.17,14.627,1193,91,5591,0,59.27,1.85,6813.18
5.86984,-73.545243,15469,Moniquirá,Ricaurte,4214,8833,218.3,341.42,1.564,98.436,0.944,8,Ciudad intermedia,501.8,218,932,226,194,894,2083,2747,1057,2910,10127,5432,12081,12275,24356,202640.59,72107.62,14458.42,387.83,42,159770,14223,261.62,3818,11,28,49,9876,896,19186,8,Medio,15,111.57,20.603,4214,108,8725,0,306.26,1.53,21210.07
5.614465,-73.382758,15476,Motavita,Centro,271,3236,60.0,20.89,0.348,99.652,0.259,91,Núcleo urbano básico,129.14,38,80,26,31,310,755,847,290,839,2398,892,2963,3058,6021,129.42,350.08,9421.74,24.12,,28045.39,8065,240.5,859,4,1,0,595,7,3625,5,Bajo,4,100.35,21.448,271,13,3223,0,18.72,0.22,5904.1
5.520235,-74.093234,15480,Muzo,Occidente,1387,0,137.91,95.51,0.693,99.307,0.596,20,Centro urbano local,154.63,69,271,69,33,180,824,1134,435,1264,3985,1452,4866,4228,9094,81836.59,22962.42,2248.7,6.64,,8500.98,7388,252,1407,4,3,8,1240,41,5881,4,Medio,5,65.94,17.004,1387,0,0,0,87.12,0.0,0.0
5.776145,-72.926267,15491,Nobsa,Sugamuxi,2903,4239,55.44,445.76,8.041,91.959,0.24,6,Ciudad intermedia,2181.66,174,761,36,186,4051,1613,1988,787,2479,7665,2802,8369,8965,17334,5537.24,9669.32,5354.74,386.24,1,8986.22,2083,297.25,3447,9,6,0,3818,10,5507,7,Bajo,2,312.66,125.86,2903,877,3362,0,422.08,10.31,4937.42
5.353255,-73.45092,15494,Nuevo Colón,Márquez,476,4497,51.41,30.78,0.599,99.401,0.222,70,Centro urbano local,178.35,19,122,21,24,57,506,666,253,608,2265,1195,2834,2659,5493,7173.78,20680.19,5577.19,27.9,,22974.13,3129,257,826,3,2,0,309,9,3970,8,Medio,9,106.85,32.469,476,131,4365,1,27.3,1.6,4976.61
5.616355,-73.275752,15500,Oicatá,Centro,303,2524,60.33,15.9,0.263,99.737,0.261,103,Núcleo urbano básico,56.61,29,80,18,25,137,298,376,145,403,1209,616,1540,1507,3047,7540.27,156.48,2739.46,76.82,,5338.87,5858,282,485,3,3,74,465,3,1480,3,Bajo,3,50.51,18.579,303,20,2504,0,13.13,0.45,5907.05
5.7437,-74.22033,15507,Otanche,Occidente,868,2290,475.05,43.2,0.091,99.909,2.054,47,Centro urbano local,130.51,102,308,106,31,283,875,1176,440,1113,3657,1352,4418,4195,8613,47144.59,19662.97,3902.37,61.42,,6973.15,15964,219.33,1318,3,2,4,1096,59,5481,3,Medio,3,18.13,15.153,868,125,2164,1,35.89,2.15,46928.34
5.15079,-73.405086,15511,Pachavita,Neira,320,4219,66.72,31.06,0.466,99.534,0.288,69,Centro urbano local,86.43,4,44,9,9,32,170,255,98,199,971,925,1345,1273,2618,15796.26,107.33,4469.02,90.0,,9253.44,6071,249,271,1,1,0,153,1,1337,5,Alto,1,39.24,33.014,320,22,4196,1,27.52,0.43,6619.07
5.09414,-72.988263,15514,Páez,Lengupá,603,2125,338.98,34.35,0.101,99.899,1.466,63,Centro urbano local,70.62,10,110,15,23,79,369,403,146,454,1411,696,1850,1629,3479,22145.28,10146.86,4415.43,0,58,4105.05,20092,277,527,1,1,0,320,57,2102,4,Alto,,10.26,20.299,603,87,2038,0,29.41,1.79,33633.85
5.83009,-73.10734,15516,Paipa,Tundama,8114,14142,304.92,372.5,1.222,98.778,1.318,7,Ciudad intermedia,1055.67,375,2115,308,617,4166,3178,4290,1727,4914,15822,6498,17661,18768,36429,147668.94,225710.23,12960.08,776.51,8,7926.85,25456,306.17,6636,16,53,93,19219,101,16694,16,Bajo,13,119.47,28.979,8114,552,13589,1,320.83,9.88,30076.67
5.38022,-72.689814,15518,Pajarito,La Libertad,244,1034,313.5,9.14,0.029,99.971,1.355,117,Núcleo urbano básico,48.4,20,57,3,7,25,279,306,111,351,1070,427,1326,1218,2544,32418.28,21013.11,2624.01,,,189,9077,230,341,1,1,0,395,10,1316,3,Bajo,3,8.11,19.025,244,57,977,0,7.22,1.06,29772.24
6.44352,-72.454354,15522,Panqueba,Gutiérrez,338,1579,39.67,21.32,0.537,99.463,0.172,90,Núcleo urbano básico,37.78,10,75,9,4,29,191,213,80,191,718,421,877,937,1814,0.0,125.96,1373.15,3.13,,4054.67,3780,258,291,1,1,0,142,14,1165,4,Medio,4,45.73,20.827,338,9,1570,0,18.26,0.16,3913.51
5.692825,-73.993022,15531,Pauna,Occidente,763,4044,252.51,37.86,0.15,99.85,1.092,60,Centro urbano local,255.23,33,180,30,13,115,536,923,361,796,3217,1794,3943,3684,7627,13185.75,27013.19,6407.72,28.71,,32927.62,10402,243.67,1157,3,4,4,564,33,5044,4,Medio,6,30.2,33.464,763,93,3951,0,30.95,0.78,24929.8
5.62427,-72.385996,15533,Paya,La Libertad,80,874,443.39,11.37,0.026,99.974,1.917,114,Núcleo urbano básico,35.03,6,30,0,6,33,356,421,155,437,1091,335,1473,1322,2795,23.45,3.62,1250.23,,,1852.15,8910,246.5,415,2,2,0,151,15,1710,3,Bajo,1,6.3,12.533,80,0,874,0,9.76,0.0,41122.31
6.027125,-72.763674,15537,Paz De Río,Valderrama,844,3599,122.65,81.85,0.667,99.333,0.53,25,Centro urbano local,102.69,26,291,18,72,855,396,508,192,556,1847,1016,2229,2286,4515,27495.66,14873.94,1954.69,155.96,19,1250.87,2637,265,661,2,2,0,1915,25,1660,3,Medio,7,36.81,22.744,844,26,3573,0,73.08,0.43,12137.27
5.49775,-73.095798,15542,Pesca,Sugamuxi,1108,8089,262.95,79.62,0.303,99.697,1.137,26,Centro urbano local,119.02,17,166,5,19,371,765,957,342,844,2742,1543,3663,3530,7193,22639.26,22196.8,13584.29,128.58,67,10231.76,13485,270,1135,3,1,0,570,7,5054,7,Alto,22,27.36,16.547,1108,35,8054,0,69.54,0.7,28127.96
5.7301,-72.440045,15550,Pisba,La Libertad,266,1300,464.59,22.95,0.049,99.951,2.009,88,Núcleo urbano básico,25.17,2,19,0,3,22,245,271,100,290,696,273,987,888,1875,0,0,1173.37,,,1221.96,5327,244,276,1,1,0,145,29,1323,3,Medio,,4.04,13.424,266,7,1293,0,20.2,0.16,46408.18
6.00382,-74.409243,15572,Puerto Boyacá,Occidente,10894,2767,1512.98,492.13,0.325,99.675,6.542,4,Ciudad intermedia,3084.58,,,,559,4917,5523,6635,2440,7066,22539,6464,25120,25547,50667,148324.78,267206.18,19311.05,2097.52,27,6036.67,151388,244,9747,14,43,39,18514,703,30757,7,Medio,5,33.49,60.879,10894,493,2274,0,419.73,4.68,144238.32
5.54935,-74.179321,15580,Quípama,Occidente,395,1166,167.33,30.63,0.183,99.817,0.723,71,Centro urbano local,117.09,10,53,12,16,147,398,620,241,606,2267,1140,2780,2492,5272,53457.02,211.7,985.31,0,,19242.99,5272,252,745,3,2,7,539,29,3491,3,Bajo,2,31.51,22.21,395,133,1033,0,27.38,1.73,16505.87
5.329385,-73.30452,15599,Ramiriquí,Márquez,1893,8073,125.54,147.62,1.176,98.824,0.543,12,Centro urbano menor,200.26,88,415,75,61,350,1007,1391,545,1435,4317,1949,5297,5347,10644,256903.6,45344.42,6893.11,272.6,44,15034.28,10896,268.25,1922,6,12,8,1453,108,7182,9,Medio,7,84.79,18.814,1893,110,7963,0,131.16,1.93,11911.11
5.49712,-73.621321,15600,Ráquira,Ricaurte,759,5332,220.65,50.29,0.228,99.772,0.954,41,Centro urbano local,254.28,84,350,47,41,329,829,1025,381,1177,3684,1422,4520,3998,8518,79572.36,376.98,4775.17,113.71,,18431.25,5018,267,1299,2,4,0,931,9,4594,7,Medio,5,38.6,29.852,759,35,5297,0,43.04,0.65,21233.9
5.383885,-73.180243,15621,Rondón,Márquez,278,3679,206.42,15.08,0.073,99.927,0.893,106,Núcleo urbano básico,46.27,9,32,9,7,24,225,327,115,259,927,695,1273,1275,2548,87223.01,18.56,2648.75,9.39,,1674.7,7068,286,306,2,1,0,177,9,1643,3,Medio,2,12.34,18.159,278,24,3654,1,13.0,0.38,15696.95
5.70444,-73.743036,15632,Saboyá,Occidente,551,11199,248.65,50.98,0.205,99.795,1.075,40,Centro urbano local,332.35,56,203,29,42,228,1505,1892,702,1843,5799,2882,7146,7477,14623,26432.22,26601.01,13068.25,119.01,,106411.76,29308,257.57,2155,7,1,5,832,15,9076,9,Medio,10,58.81,22.728,551,17,11182,0,45.51,0.34,24950.87
5.57701,-73.53957,15638,Sáchica,Ricaurte,833,1149,63.93,49.1,0.768,99.232,0.276,43,Centro urbano local,186.08,52,199,43,53,203,708,777,298,933,2458,759,3048,2885,5933,60.54,184.83,8225.95,197.18,,18275,498,278.5,1008,3,3,0,514,4,4068,8,Bajo,3,92.8,31.364,833,1,1148,0,40.81,0.03,6064.51
5.47905,-73.49782,15646,Samacá,Centro,2299,6940,167.58,105.52,0.63,99.37,0.725,15,Centro urbano menor,584.32,209,1064,181,388,5477,2446,2723,986,2974,8330,2391,9982,9868,19850,45710.27,164586.94,23088.59,864.32,15,54666.72,6778,287.75,4877,8,17,6,10557,65,12142,14,Medio,8,118.45,29.437,2299,164,6775,1,89.23,2.39,17151.95
5.23551,-73.051269,15660,San Eduardo,Lengupá,467,1553,109.4,27.6,0.252,99.748,0.473,79,Núcleo urbano básico,37.14,11,30,9,7,29,140,176,69,206,719,457,921,846,1767,91549.97,55.3,1685.5,0,,5160.83,6089,267,238,1,1,0,150,19,1269,3,Alto,,16.15,21.019,467,0,1553,0,23.78,0.0,10807.85
6.00094,-73.536567,15664,San José De Pare,Ricaurte,297,2662,74.39,19.48,0.262,99.738,0.322,99,Núcleo urbano básico,149.63,19,93,23,12,80,488,566,194,511,2250,1319,2787,2541,5328,156.1,11352.03,6640.18,29.4,,442947.46,1800,250.5,653,2,2,0,245,4,3717,4,Medio,1,71.62,28.084,297,77,2585,0,16.71,1.22,7337.21
4.82663,-73.137725,15667,San Luis De Gaceno,Neira,1183,2888,469.63,101.55,0.216,99.784,2.031,18,Centro urbano menor,101.45,35,195,44,26,120,526,702,263,666,2440,1280,3008,2869,5877,18066.92,29625.76,9684.46,117.73,,1606.22,36957,248,809,4,6,4,470,35,3147,3,Bajo,1,12.51,17.262,1183,46,2842,0,86.79,0.88,45033.25
6.415385,-72.575132,15673,San Mateo,Norte,597,4223,123.77,36.15,0.292,99.708,0.535,61,Centro urbano local,86.15,17,126,18,11,141,346,405,146,382,1212,1077,1754,1814,3568,13224.78,8655.27,2649.83,96.45,,4682.76,7462,279,609,3,1,0,379,93,2410,3,Medio,5,28.83,24.145,597,5,4218,0,32.69,0.09,12251.53
5.53322,-73.748929,15676,San Miguel De Sema,Occidente,263,3176,93.95,20.8,0.221,99.779,0.406,92,Núcleo urbano básico,64.87,18,76,8,44,179,329,425,142,322,1233,752,1603,1600,3203,172.13,187.44,8092.95,103.43,,2062.34,23260,249,671,3,1,0,575,7,1694,5,Medio,5,34.09,20.253,263,4,3172,0,17.92,0.04,9028.43
5.676975,-74.111015,15681,San Pablo De Borbur,Occidente,429,1798,195.93,29.36,0.15,99.85,0.847,73,Núcleo urbano básico,113.89,77,172,36,16,79,698,942,349,829,3004,1277,3882,3217,7099,2273.86,95.74,2971.41,25.29,,9453.05,8089,246,1126,2,1,0,657,11,5087,4,Medio,2,36.23,16.043,429,165,1633,0,24.93,2.44,19407.02
6.055275,-73.489419,15686,Santana,Ricaurte,922,2252,67.93,45.28,0.667,99.333,0.294,45,Centro urbano local,166.35,56,208,46,19,211,774,966,382,1056,3464,1488,4194,3936,8130,107306.31,18742.97,7996.44,106.1,,285571.85,2083,243,1217,3,3,0,940,76,6679,6,Medio,1,119.68,20.461,922,89,2163,0,38.34,1.59,6661.84
4.824295,-73.272198,15690,Santa María,Neira,719,1871,309.67,63.11,0.204,99.796,1.339,33,Centro urbano local,1301.15,27,116,30,32,271,331,440,161,426,1605,795,1948,1810,3758,48031.93,147.52,3567.93,23.17,,2730.79,13267,299,583,2,4,0,613,7,2010,3,Sin riesgo,1,12.14,346.235,719,26,1845,0,55.44,0.45,32223.95
5.90207,-72.984824,15693,Santa Rosa De Viterbo,Tundama,30,4446,116.7,11.93,0.102,99.898,0.505,111,Núcleo urbano básico,174.26,89,504,70,87,311,1028,1449,564,2352,6014,2721,7390,6738,14128,193.02,53516.14,4870.87,75.84,56,3878.62,10948,287,1713,5,11,0,1599,19,4964,9,Medio,2,121.06,12.334,30,51,4395,0,11.45,0.89,11003.64
5.735335,-73.605698,15696,Santa Sofía,Ricaurte,410,2994,77.52,31.16,0.402,99.598,0.335,68,Centro urbano local,82.93,19,121,19,27,115,366,390,128,374,1294,846,1729,1669,3398,60815.44,10012.82,5629.5,288.31,,18855.07,4514,268,584,1,1,0,232,1,2191,5,Medio,7,43.83,24.406,410,57,2937,0,26.41,0.72,7665.15
6.126545,-72.744684,15720,Sativanorte,Norte,375,3666,161.25,15.43,0.096,99.904,0.697,104,Núcleo urbano básico,43.53,12,74,8,17,123,173,245,90,221,895,695,1180,1139,2319,359.02,6412.64,1770.44,8.18,,2299.59,5543,239,288,2,2,0,287,10,1461,4,Medio,1,14.38,18.771,375,14,3652,0,11.07,0.21,15943.53
6.062715,-72.68678,15723,Sativasur,Norte,170,1333,54.9,8.33,0.152,99.848,0.237,118,Núcleo urbano básico,48.18,10,40,2,13,123,110,126,48,127,473,279,532,631,1163,3.01,4.35,577.5,0,,241.35,2053,254,204,1,1,0,260,2,581,3,Bajo,,21.18,41.427,170,0,1333,0,7.25,0.0,5437.93
5.497075,-73.214054,15740,Siachoque,Centro,626,6364,119.22,40.06,0.336,99.664,0.515,55,Centro urbano local,228.23,18,105,22,29,153,961,1048,357,921,2680,1237,3736,3468,7204,58483.76,384.13,10264.86,18.04,,145229.72,13766,251,1509,4,3,0,517,8,5380,6,Medio,1,60.43,31.681,626,28,6336,0,35.79,0.6,12081.89
6.321875,-72.700725,15753,Soatá,Norte,2608,3629,122.93,110.4,0.898,99.102,0.532,14,Centro urbano menor,151.68,79,509,71,53,396,738,1027,403,1098,3912,2340,4530,4988,9518,121.05,22107.18,3775.56,202.35,45,6182.94,4334,279,1508,3,17,47,3207,750,5741,6,Alto,2,77.43,15.936,2608,8,3621,0,92.11,0.16,11940.32
5.942165,-72.542657,15755,Socotá,Valderrama,279,8649,603.15,11.13,0.018,99.982,2.608,115,Núcleo urbano básico,271.97,32,270,19,22,270,944,1025,340,914,2952,1513,4088,3600,7688,26246.9,21536.37,8689.31,379.66,,16553.95,8826,248.5,1612,2,1,7,1953,36,5131,5,Alto,4,12.75,35.376,279,69,8580,0,9.07,1.05,59391.16
5.96436,-72.688353,15757,Socha,Valderrama,1503,5054,150.06,72.12,0.481,99.519,0.649,30,Centro urbano local,207.13,86,549,71,141,1796,920,1087,393,1103,3503,1519,4246,4279,8525,194741.21,31751.0,3508.59,252.15,,1214.66,4330,243.25,1971,6,5,8,4287,115,4269,5,Alto,8,56.81,24.297,1503,57,4997,0,60.28,0.8,14921.23
5.675985,-72.908544,15759,Sogamoso,Sugamuxi,33618,20467,207.67,1733.11,8.346,91.654,0.898,1,Ciudad principal,4123.72,1350,6793,348,2633,22346,11427,15189,6242,19683,62302,22916,65957,71802,137759,509301.88,1082275.03,35422.73,3873.27,5,13198.89,12543,281.62,26002,66,304,305,87292,4408,57534,7,Sin riesgo,37,663.36,29.934,33618,1588,18879,0,1498.43,26.43,18966.91
4.96216,-73.433084,15761,Somondoco,Oriente,315,4076,58.8,26.95,0.458,99.542,0.254,81,Núcleo urbano básico,78.47,12,72,15,15,62,175,259,98,258,1189,1109,1526,1562,3088,434886.78,6954.89,1801.15,78.82,,2860.84,4474,242.5,373,2,1,0,237,4,1476,4,Alto,3,52.52,25.411,315,25,4051,0,23.06,0.42,5785.87
5.58336,-73.43987,15762,Sora,Centro,244,1836,47.79,25.99,0.544,99.456,0.207,82,Núcleo urbano básico,41.24,15,46,4,6,36,373,426,151,436,1267,586,1679,1560,3239,80.73,340.4,4266.51,22.61,,14488.51,3776,256,544,1,1,0,273,2,1974,4,Medio,4,67.78,12.732,244,6,1830,0,22.59,0.1,4761.54
5.786295,-73.258984,15763,Sotaquirá,Centro,371,7551,285.18,31.58,0.111,99.889,1.233,67,Centro urbano local,161.91,31,177,22,77,1003,1002,1134,410,1103,3447,1695,4541,4250,8791,16604.92,20198.26,12744.21,278.8,,16923.45,20969,272.5,1316,2,2,0,1445,7,4049,10,Medio,9,30.83,18.418,371,110,7441,0,27.57,2.01,28943.6
5.490525,-73.318355,15764,Soracá,Centro,513,3851,55.77,30.3,0.543,99.457,0.241,72,Centro urbano local,137.22,45,180,38,46,797,745,952,329,836,2516,1052,3197,3233,6430,15905.61,417.48,12079.03,65.06,,43531.62,7919,294,1851,4,1,0,963,4,4740,9,Medio,3,115.29,21.341,513,52,3799,0,26.18,0.58,5556.41
6.224875,-72.69259,15774,Susacón,Norte,365,3195,182.57,40.97,0.224,99.776,0.789,51,Centro urbano local,51.22,10,64,4,12,332,220,306,114,315,1120,793,1479,1389,2868,333509.68,6409.36,2653.26,66.68,,16606.01,6780,245,279,1,1,0,147,3,1689,4,Medio,3,15.71,17.859,365,16,3179,0,37.65,0.34,18138.63
5.63579,-73.634829,15776,Sutamarchán,Ricaurte,923,4421,103.55,52.63,0.508,99.492,0.448,37,Centro urbano local,194.15,38,152,28,47,477,611,791,302,849,2736,1298,3323,3264,6587,166902.5,29280.98,8164.46,58.7,,37667.19,4455,251.5,899,2,5,0,699,9,4733,4,Alto,6,63.61,29.475,923,122,4299,0,44.06,2.0,10134.69
5.02467,-73.429829,15778,Sutatenza,Oriente,389,5230,41.15,40.63,0.987,99.013,0.178,52,Centro urbano local,91.35,24,79,8,14,46,318,454,173,449,1717,1425,2221,2315,4536,52.5,99.18,2870.07,6.17,,3975.07,3502,245,349,2,1,0,495,2,2305,2,Bajo,7,110.23,20.139,389,19,5211,0,34.62,0.45,4021.96
5.898525,-72.757752,15790,Tasco,Valderrama,660,4971,209.61,33.31,0.159,99.841,0.906,65,Centro urbano local,147.06,27,195,14,36,439,618,803,282,730,2516,1267,3154,3062,6216,2.14,206.54,4241.92,21.52,,1619.85,9583,265,959,2,2,0,1956,24,2825,6,Medio,9,29.66,23.658,660,65,4906,0,28.08,0.71,20288.64
5.07993,-73.415559,15798,Tenza,Oriente,778,4902,45.84,38.27,0.835,99.165,0.198,59,Centro urbano local,100.8,22,103,17,27,69,263,386,156,379,1618,1285,2008,2079,4087,51947.66,17378.74,4749.49,64.89,,3849.76,5831,277,431,1,2,0,569,10,2293,3,Alto,5,89.16,24.664,778,50,4852,0,32.69,0.84,4509.05
5.305805,-73.391448,15804,Tibaná,Márquez,929,8984,121.74,60.35,0.496,99.504,0.526,34,Centro urbano local,547.26,46,211,34,16,108,926,1130,400,1001,3697,2540,4776,4918,9694,52737.1,19031.97,9394.64,86.36,,84285.2,9811,263.67,1321,3,5,0,468,20,6070,8,Medio,13,79.63,56.453,929,25,8958,1,52.13,0.51,11968.57
5.74825,-73.012929,15806,Tibasosa,Sugamuxi,2185,7521,93.74,115.61,1.233,98.767,0.405,13,Centro urbano menor,1141.84,120,518,19,103,778,1279,1555,621,1952,6048,2608,6963,7100,14063,94.99,6120.95,12717.18,253.78,21,20461.93,9400,270,1827,5,3,0,1881,6,5323,8,Medio,10,150.02,81.195,2185,428,7088,5,98.68,7.14,9012.87
5.58086,-73.670919,15808,Tinjacá,Ricaurte,373,2729,79.71,20.02,0.251,99.749,0.345,96,Núcleo urbano básico,58.16,23,119,17,30,119,355,392,141,406,1409,834,1747,1790,3537,0.1,162.29,5828.79,29.74,,3654.05,3238,278,522,2,2,0,365,5,1968,3,Medio,4,44.37,16.443,373,26,2703,0,16.74,0.49,7832.61
6.428145,-72.699217,15810,Tipacoque,Norte,379,2399,71.9,40.52,0.564,99.436,0.311,53,Centro urbano local,47.76,10,92,16,5,59,319,412,154,405,1427,805,1802,1720,3522,96423.87,10122.02,4750.03,98.75,,2419.7,4467,280,540,1,2,0,334,12,2719,3,Medio,4,48.98,13.56,379,21,2378,0,36.18,0.49,7073.9
5.580685,-73.166297,15814,Toca,Centro,1553,4840,168.28,76.41,0.454,99.546,0.728,28,Centro urbano local,183.12,74,259,49,53,1023,1148,1291,461,1279,3663,1586,4799,4629,9428,0.01,21518.9,11535.86,80.84,,69569.56,14067,266,2099,4,2,4,1981,32,6796,5,Alto,4,56.03,19.423,1553,58,4782,0,65.82,0.74,16753.64
5.91683,-73.491414,15816,Togüí,Ricaurte,219,2549,101.3,14.79,0.146,99.854,0.438,107,Núcleo urbano básico,110.56,24,71,8,9,62,517,640,202,445,1883,942,2366,2263,4629,3911.52,12448.74,4849.7,92.98,,334861.69,2933,248,800,1,2,0,239,9,3889,4,Alto,1,45.7,23.884,219,38,2511,0,12.06,0.5,10623.37
5.76694,-72.841209,15820,Tópaga,Sugamuxi,440,3491,33.59,34.5,1.027,98.973,0.145,62,Centro urbano local,110.55,38,150,7,36,298,431,490,188,544,1541,683,1870,2007,3877,9387.3,106.51,2294.42,674.12,,2477.31,1373,265,670,2,1,0,889,4,1912,4,Alto,5,115.42,28.514,440,101,3390,0,30.65,1.57,3299.01
5.47725,-73.012584,15822,Tota,Sugamuxi,374,8715,196.07,43.1,0.22,99.78,0.848,48,Centro urbano local,76.46,35,98,6,8,79,705,759,257,657,2197,976,2779,2772,5551,29.98,118.48,12860.54,119.21,,15261.41,9690,248,948,1,1,0,298,5,4155,6,Alto,6,28.31,13.774,374,82,8633,0,38.72,1.73,17391.6
5.71615,-73.944836,15832,Tununguá,Occidente,95,794,29.24,7.53,0.258,99.742,0.126,120,Núcleo urbano básico,124.59,21,44,14,3,20,202,194,64,192,657,342,910,741,1651,295.85,5.23,1043.12,0,,10818.13,860,245,285,1,1,0,113,4,1248,3,Alto,,56.46,75.463,95,2,792,0,6.3,0.04,2910.13
5.30139,-73.511804,15835,Turmequé,Márquez,1030,6337,79.75,83.39,1.046,98.954,0.345,24,Centro urbano local,189.86,16,171,15,34,128,570,773,279,615,2570,1721,3236,3292,6528,36331.79,21306.83,8288.33,76.38,,23503.85,11046,274.5,1279,3,3,3,416,48,4386,10,Alto,4,81.86,29.084,1030,34,6303,0,74.46,0.54,7837.8
5.67885,-73.187888,15837,Tuta,Centro,1054,5726,165.43,73.1,0.442,99.558,0.715,29,Centro urbano local,1134.54,57,269,40,71,1047,962,1133,400,1123,3520,1777,4361,4554,8915,579.95,25034.53,14604.44,765.72,4,17735.65,30579,273.75,2040,6,4,0,1393,21,4612,7,Bajo,8,53.89,127.262,1054,134,5592,0,65.62,1.33,16121.28
6.07942,-72.865306,15839,Tutazá,Tundama,148,1491,121.96,13.94,0.114,99.886,0.527,108,Núcleo urbano básico,51.6,3,30,2,7,36,248,254,92,276,890,433,1057,1136,2193,861.3,44.57,4523.59,0,,22190.14,7964,254.5,315,2,2,0,112,,1383,5,Alto,2,17.98,23.529,148,0,1491,0,11.75,0.0,18517.58
5.226185,-73.458067,15842,Úmbita,Márquez,565,7328,146.15,48.74,0.334,99.666,0.632,44,Centro urbano local,160.15,23,97,14,21,142,778,1016,361,860,3201,1827,4164,3879,8043,13661.85,34169.58,24217.1,73.23,,38852.76,12781,255,1114,4,2,6,436,45,4972,10,Alto,4,55.03,19.912,565,24,7304,0,41.98,0.46,14713.25
5.382535,-73.526255,15861,Ventaquemada,Centro,908,11415,160.01,89.26,0.558,99.442,0.692,23,Centro urbano local,348.01,126,525,78,81,386,1906,2251,815,2247,6885,2908,8506,8506,17012,14156.01,32562.06,23989.66,1239.83,,119660.04,23380,264.4,2716,6,11,0,2186,20,10709,12,Medio,2,106.32,20.457,908,352,11062,1,82.52,6.7,15640.99
5.44821,-73.267613,15879,Viracachá,Márquez,314,5257,62.54,28.5,0.456,99.544,0.27,75,Núcleo urbano básico,61.32,8,36,2,9,35,243,372,148,333,1158,752,1542,1464,3006,61.15,114.97,3765.23,131.25,,16408.38,7120,259,316,1,1,0,139,,1940,6,Alto,3,48.07,20.399,314,23,5234,0,25.3,0.45,6267.04
5.27998,-73.195258,15897,Zetaquira,Lengupá,443,3905,251.33,25.27,0.101,99.899,1.087,84,Núcleo urbano básico,93.28,20,150,32,13,58,439,606,226,535,1940,1208,2521,2433,4954,102216.37,20541.17,6241.88,31.28,,7335.07,9593,225.5,802,2,2,0,385,31,3560,4,Alto,3,19.71,18.829,443,17,3887,1,23.08,0.22,25793.6
