codigo;municipio_pagina;municipio_repositorio;provincia;coincidencia;predios_urbanos;predios_rurales;poblacion_2024;valor_agregado;empresas_renovadas;produccion_agricola_ton;bovinos;area_km2;area_urbana_ha;densidad_hab_km2;habitantes_por_predio_urbano;urb_n;urb_ha;viv_n;viv_ha;agro_n;agro_ha;atip_n
15022;Almeida;Almeida;Oriente;Código y nombre idénticos;248;1850;2048;31,671751658764673;47,0;4337,15;2436;57,7;20,2;35,493934142114384;8,258064516129032;248;17,59907399999993;6;0,126998;1844;5718,2489420000065;0
15047;Aquitania;Aquitania;Sugamuxi;Código y nombre idénticos;1887;19833;16480;582,0747639122809;389,0;87274,08951754787;17330;941,77;93,15;17,498964715376367;8,733439321674616;1887;80,64410600000036;1659;31,677997999999995;18173;91031,68257399993;1
15051;Arcabuco;Arcabuco;Ricaurte;Código y nombre idénticos;754;2897;6341;197,1891344367358;256,0;66302,74359214364;9506;137,91;51,65;45,97926183743021;8,409814323607428;754;44,739125000000264;163;2,116148;2734;13611,45400700002;0
15087;Belén;Belén;Tundama;Código y nombre idénticos;2203;5877;7987;143,4216931518117;408,0;13083,744979312043;15814;163,01;100,12;48,99699404944482;3,625510667271902;2203;84,88262600000016;24;0,46225900000000003;5853;27517,91384299995;0
15090;Berbeo;Berbeo;Lengupá;Código y nombre idénticos;225;999;1700;39,59786428179111;32,0;2983,60041958042;4164;58,02;12,01;29,30024129610479;7,555555555555555;225;9,82650099999999;1;0,025493000000000002;998;5829,184171999995;0
15092;Betéitiva;Betéitiva;Valderrama;Código y nombre idénticos;87;3846;2069;42,3931222487159;41,0;2023,2979026074513;3115;101,84;6,55;20,31618224666143;23,7816091954023;87;5,861063000000001;8;0,17768199999999998;3838;10182,895866000012;0
15097;Boavita;Boavita;Norte;Código y nombre idénticos;907;4407;5422;126,89702274766893;229,0;11729,387256388472;8176;145,2;49,19;37,341597796143255;5,977949283351709;907;43,041713000000044;40;0,5600430000000001;4367;14359,353450000017;0
15104;Boyacá;Boyacá;Márquez;Código y nombre idénticos;337;5174;5448;192,93937600574793;74,0;15959,628037383178;5367;47,96;27,22;113,59466221851542;16,166172106824927;337;23,591331999999973;22;0,3864519999999999;5152;4704,715460999994;0
15106;Briceño;Briceño;Occidente;Código y nombre idénticos;206;1647;2317;115,67734446665236;53,0;16188,98;2547;64,67;17,53;35,82805010051028;11,24757281553398;206;14,580801999999997;1;0,0049;1646;6665,861427999989;0
15109;Buenavista;Buenavista;Occidente;Código y nombre idénticos;243;2831;4688;131,72577025623664;131,0;21839,954345467617;6496;110,15;15,12;42,56014525646845;19,292181069958847;243;12,740467999999991;11;0,20332399999999998;2820;10687,036390999992;0
15114;Busbanzá;Busbanzá;Tundama;Código y nombre idénticos;125;772;1200;18,591597497458757;24,0;118,7042562854538;738;25,34;7,27;47,355958958168905;9,6;125;6,042366999999997;4;0,074196;768;2533,507171;0
15131;Caldas;Caldas;Occidente;Código y nombre idénticos;244;3031;3335;64,99246301188228;70,0;9365,812593948107;10790;78,91;24,68;42,263337979977194;13,668032786885245;244;21,452008999999993;3;0,054822;3028;7859,532798000001;0
15135;Campohermoso;Campohermoso;Lengupá;Código y nombre idénticos;474;3007;3299;59,578911016352976;63,0;2548,5299999999997;18714;298,63;34,21;11,047115159227138;6,959915611814346;474;28,682420000000004;37;0,6654610000000001;2970;29531,78172899998;0
15162;Cerinza;Cerinza;Tundama;Código y nombre idénticos;582;4435;3945;55,239481118957734;134,0;1531,8695120292348;5306;63,6;39,82;62,02830188679245;6,778350515463917;582;34,292403999999955;177;2,2239019999999985;4258;6052,077545000002;0
15172;Chinavita;Chinavita;Neira;Código y nombre idénticos;718;4524;3412;56,83991621537635;57,0;2917,209984713528;7014;136,23;39,17;25,045878294061517;4,752089136490251;718;32,343271000000016;19;0,383726;4505;13457,248944999994;0
15176;Chiquinquirá;Chiquinquirá;Occidente;Código y nombre idénticos;12485;8606;60737;1329,040430265457;2338,0;15343,132501763252;32826;165,07;473,4;367,94693160477374;4,864797757308771;12485;397,1247329999959;1578;16,012128000000004;7026;15891,413992000082;2
15232;Chíquiza;Chíquiza;Centro;Código y nombre idénticos;172;2667;5026;103,65550394352164;27,0;22697,70969550013;8672;116,53;17,74;43,1305243284991;29,22093023255814;172;13,147764000000004;23;0,529494;2644;12002,91535300003;0
15180;Chiscas;Chiscas;Gutiérrez;Código y nombre idénticos;360;4787;4195;82,32634191323928;96,0;4857,2323463733355;13793;658,24;12,84;6,373055420515313;11,652777777777779;360;10,150851;31;0,411679;4756;65347,50509400004;0
15183;Chita;Chita;Valderrama;Código y nombre idénticos;974;9256;8405;101,5820545812238;132,0;2926,838317757009;12386;676,77;51,23;12,41928572484005;8,629363449691992;974;46,0390810000001;50;1,1086460000000002;9206;63671,4769869999;0
15185;Chitaraque;Chitaraque;Ricaurte;Código y nombre idénticos;414;2517;6226;166,7246948139161;107,0;601751,57;4000;158,51;19,94;39,27827897293546;15,03864734299517;414;17,09420200000001;6;0,12269100000000001;2511;15744,929355000007;0
15187;Chivatá;Chivatá;Centro;Código y nombre idénticos;235;2343;2995;61,736057803386274;87,0;4395,551137335657;3351;49,49;19,71;60,51727621741766;12,74468085106383;235;16,949936999999967;10;0,151324;2333;4900,051902999997;0
15236;Chivor;Chivor;Oriente;Código y nombre idénticos;177;1215;2664;38,082278999182414;40,0;4760,23016449573;3148;108,62;9,74;24,525870005523842;15,05084745762712;177;7,918614999999998;5;0,049999;1210;10229,027666000005;0
15189;Ciénega;Ciénega;Márquez;Código y nombre idénticos;730;5221;4963;110,88304010412922;94,0;14148,467485785242;6686;54,03;33,11;91,85637608735887;6,798630136986302;730;29,079973000000006;86;0,8128200000000002;5135;5311,513549000018;0
15204;Cómbita;Cómbita;Centro;Código y nombre idénticos;632;7842;14040;232,10244617374576;293,0;25931,80704656356;14888;145,17;42,98;96,71419714817112;22,21518987341772;632;37,64262999999996;236;4,390180999999999;7606;14587,229344999987;0
15212;Coper;Coper;Occidente;Código y nombre idénticos;349;2166;3832;146,74804346739472;39,0;28174,043649401443;7200;149,85;21,52;25,572238905572238;10,979942693409741;349;18,721587000000007;21;0,245622;2145;15234,163364000015;0
15215;Corrales;Corrales;Tundama;Código y nombre idénticos;525;1767;2674;104,71897709683584;125,0;2895,718992555045;1162;60,8;41,31;43,98026315789474;5,093333333333334;525;35,333885;68;0,8060310000000002;1699;5966,080714000003;0
15218;Covarachía;Covarachía;Norte;Código y nombre idénticos;215;1788;2941;80,11224181860547;74,0;8323,717476635513;2641;102,32;11,47;28,743158717748244;13,679069767441861;215;9,809076;3;0,07914;1785;10058,896830999995;0
15223;Cubará;Cubará;Gutiérrez;Código y nombre idénticos;765;302;11295;229,4836998731642;;789,04;9218;1176,38;104,46;9,601489314677229;14,764705882352942;765;94,76444199999992;4;0,04474500000000001;298;111144,14347499998;0
15224;Cucaita;Cucaita;Centro;Código y nombre idénticos;475;2025;4020;79,42026495207566;115,0;8741,482266751149;1924;42,07;28,83;95,55502733539339;8,463157894736842;475;24,88840100000002;89;0,9460019999999999;1936;4148,047783;0
15226;Cuítiva;Cuítiva;Sugamuxi;Código y nombre idénticos;107;3804;1910;38,56935290695391;38,0;3953,6168224299067;3153;44,14;7,53;43,271409152695966;17,850467289719628;107;6,414353000000001;90;1,3505520000000004;3714;3517,023369000003;0
15238;Duitama;Duitama;Tundama;Código y nombre idénticos;27178;10133;132894;3178,2001715099527;8533,0;7565,4461682243;13587;233,93;1049,55;568,0930192792715;4,889763779527559;27178;878,7016930000078;2053;29,86153399999994;8074;24418,65130900008;6
15244;El Cocuy;El Cocuy;Gutiérrez;Código y nombre idénticos;1041;3542;4422;76,35690394735646;195,0;3583,8;13710;238,19;101,7;18,565011125572024;4,247838616714698;1041;93,31859299999995;2;0,044619000000000006;3540;25222,469828000027;0
15248;El Espino;El Espino;Gutiérrez;Código y nombre idénticos;567;2726;3248;45,027290335049614;114,0;769,7416822429908;7417;69,31;28,34;46,86192468619247;5,728395061728395;567;23,744982999999984;7;0,11768;2719;6873,709782999997;0
15272;Firavitoba;Firavitoba;Sugamuxi;Código y nombre idénticos;1088;7885;7194;127,45193088022833;162,0;6945,815188078253;12422;109,34;58,34;65,79476861167002;6,612132352941177;1088;50,81106299999996;124;2,5484030000000004;7761;10676,747417999977;0
15276;Floresta;Floresta;Tundama;Código y nombre idénticos;527;3969;3461;47,207576090540464;118,0;831,3262412227404;6144;88,11;39,46;39,280444898422424;6,567362428842505;527;34,99399600000004;80;1,310537;3889;8607,778254999997;0
15293;Gachantivá;Gachantivá;Ricaurte;Código y nombre idénticos;194;2853;2958;69,97972862006931;85,0;17676,11993505465;5007;88,21;11,66;33,53361296905113;15,24742268041237;194;9,936481999999994;20;0,426482;2833;8788,23958899999;0
15296;Gámeza;Gámeza;Sugamuxi;Código y nombre idénticos;596;5250;5165;81,33202730041691;113,0;7319,187929668937;8273;123,62;40,45;41,78126516744863;8,666107382550335;596;36,072757;68;1,0398070000000004;5182;12025,481453000066;0
15299;Garagoa;Garagoa;Neira;Código y nombre idénticos;5316;7323;19415;283,9773533723571;705,0;2823,2823000158405;15693;193,5;190,72;100,3359173126615;3,6521820917983447;5316;158,04948800000125;93;1,5424059999999997;7230;19182,742430999988;0
15317;Guacamayas;Guacamayas;Gutiérrez;Código y nombre idénticos;297;2841;1967;29,363968183423054;72,0;1059,5;4496;57,65;23,33;34,11968777103209;6,622895622895623;297;19,758721999999988;7;0,158757;2834;5719,128602000007;0
15322;Guateque;Guateque;Oriente;Código y nombre idénticos;3349;4859;11523;230,2295550821301;577,0;883,5781308411215;4522;36,13;165,97;318,93163575975643;3,440728575694237;3349;144,1758609999997;207;2,6425759999999987;4651;3255,0003289999936;1
15325;Guayatá;Guayatá;Oriente;Código y nombre idénticos;739;6456;3527;90,71726166104588;103,0;6708,099999999999;7690;99,95;25,1;35,287643821910955;4,772665764546685;739;20,67588699999998;26;0,45854300000000003;6429;11169,29247900002;1
15332;Güicán de la Sierra;Güicán De La Sierra;Gutiérrez;Código y nombre idénticos;571;2922;4545;65,12887153668765;154,0;734,8050202630055;10851;951,41;27,66;4,777120274119465;7,9597197898423815;571;23,02681400000001;66;0,7213750000000002;2856;92633,88666500019;0
15362;Iza;Iza;Sugamuxi;Código y nombre idénticos;663;1869;2094;42,53815747202715;101,0;725,696261682243;3380;34,22;78,89;61,19228521332554;3,158371040723982;663;71,80534899999998;46;0,5747869999999999;1823;3350,6276259999972;0
15367;Jenesano;Jenesano;Márquez;Código y nombre idénticos;827;6767;7755;217,28072899706717;223,0;23740,0;6347;59,09;56,45;131,24048062277882;9,37726723095526;827;49,876733999999985;111;1,864449;6656;5778,751072999991;0
15368;Jericó;Jericó;Valderrama;Código y nombre idénticos;304;5001;4168;91,30095278311438;101,0;9312,737383177571;3742;131,67;19,03;31,654894812789554;13,710526315789474;304;16,933476000000017;24;0,498305;4977;12988,337248999975;0
15380;La Capilla;La Capilla;Oriente;Código y nombre idénticos;605;4376;2851;82,77872249523644;77,0;4977,1368343312;4271;56,93;27,9;50,07904444054102;4,712396694214876;605;23,48523500000006;51;0,859022;4325;5689,062982999993;0
15403;La Uvita;La Uvita;Norte;Código y nombre idénticos;562;3385;3220;77,84321981714976;124,0;1067,4830261213592;12085;161,39;43,24;19,951669868021565;5,729537366548043;562;37,231960999999984;20;0,352941;3365;15834,602698999995;0
15401;La Victoria;La Victoria;Occidente;Código y nombre idénticos;168;0;1197;21,6282401430091;18,0;1525,5174;2400;28,04;6,57;42,68901569186876;7,125;168;5,770126999999998;0;0,0;0;0,0;0
15377;Labranzagrande;Labranzagrande;La Libertad;Código y nombre idénticos;503;2845;3730;59,80581497767307;72,0;7706,652046537338;17956;580,84;25,83;6,421734040355347;7,415506958250497;503;21,55620699999996;0;0,0;2845;57485,603747000074;0
15425;Macanal;Macanal;Neira;Código y nombre idénticos;384;4733;5355;82,25574953392925;92,0;4568,503254395691;10725;199,95;20,06;26,781695423855965;13,9453125;384;16,914098000000028;110;1,7390869999999985;4622;19197,38453900001;1
15442;Maripí;Maripí;Occidente;Código y nombre idénticos;252;2796;6078;137,94695720971794;91,0;38050,070841121495;5848;160,76;20,21;37,80791241602389;24,11904761904762;252;17,301794;53;0,4196210000000001;2743;16005,072176999987;0
15455;Miraflores;Miraflores;Lengupá;Código y nombre idénticos;1913;4025;9481;220,78359946533723;411,0;42505,49147315064;18276;258,66;93,17;36,654295213794164;4,956089911134344;1913;78,28751099999974;12;0,115385;4013;25824,517209999944;0
15464;Mongua;Mongua;Sugamuxi;Código y nombre idénticos;777;5672;4944;117,83286584833996;82,0;4350,2388155358585;9971;360,64;70,95;13,708961845607808;6,362934362934363;777;64,21497600000001;39;0,8748710000000001;5633;36308,832934;0
15466;Monguí;Monguí;Sugamuxi;Código y nombre idénticos;1193;5682;4485;65,59851744847431;204,0;2678,691642113306;4872;68,82;69,79;65,17000871839582;3,7594300083822296;1193;59,266995;91;1,8502779999999996;5591;6813,179729000025;0
15469;Moniquirá;Moniquirá;Ricaurte;Código y nombre idénticos;4214;8833;24356;501,79863325788654;932,0;159770,0;14223;218,3;341,42;111,57123224919835;5,779781680113906;4214;306,25999799999795;108;1,5281460000000007;8725;21210,066851000003;0
15476;Motavita;Motavita;Centro;Código y nombre idénticos;271;3236;6021;129,14479693532095;80,0;28045,393910444665;8065;60,0;20,89;100,35;22,217712177121772;271;18,722173;13;0,22302199999999997;3223;5904,098284999995;0
15480;Muzo;Muzo;Occidente;Código y nombre idénticos;1387;0;9094;154,6285185166299;271,0;8500,980659002014;7388;137,91;95,51;65,94155608730331;6,556596971881759;1387;87,12322099999969;0;0,0;0;0,0;0
15491;Nobsa;Nobsa;Sugamuxi;Código y nombre idénticos;2903;4239;17334;2181,66497259544;761,0;8986,217223466974;2083;55,44;445,76;312,6623376623377;5,971064416121254;2903;422,0779760000004;877;10,313203000000009;3362;4937,416856000001;0
15494;Nuevo Colón;Nuevo Colón;Márquez;Código y nombre idénticos;476;4497;5493;178,3490634507041;122,0;22974,128690341182;3129;51,41;30,78;106,84691694222914;11,539915966386555;476;27,302447999999973;131;1,5961569999999994;4365;4976,611142000016;1
15500;Oicatá;Oicatá;Centro;Código y nombre idénticos;303;2524;3047;56,60750860962888;80,0;5338,869620624109;5858;60,33;15,9;50,50555279297199;10,056105610561056;303;13,134900000000005;20;0,45200700000000005;2504;5907,046081999998;0
15507;Otanche;Otanche;Occidente;Código y nombre idénticos;868;2290;8613;130,5113286616968;308,0;6973,15;15964;475,05;43,2;18,130723081780864;9,922811059907835;868;35,89435600000004;125;2,15141;2164;46928,341555000006;1
15511;Pachavita;Pachavita;Neira;Código y nombre idénticos;320;4219;2618;86,42806457935458;44,0;9253,442517482517;6071;66,72;31,06;39,23860911270983;8,18125;320;27,515111999999956;22;0,431485;4196;6619,06810699999;1
15514;Páez;Páez;Lengupá;Código y nombre idénticos;603;2125;3479;70,62060551233448;110,0;4105,049999999999;20092;338,98;34,35;10,263142368281313;5,769485903814262;603;29,408802999999992;87;1,7936790000000002;2038;33633,84798399996;0
15516;Paipa;Paipa;Tundama;Código y nombre idénticos;8114;14142;36429;1055,6665561299944;2115,0;7926,8526106635345;25456;304,92;372,5;119,47068083431719;4,489647522800099;8114;320,8318119999887;552;9,877294000000006;13589;30076,67276299996;1
15518;Pajarito;Pajarito;La Libertad;Código y nombre idénticos;244;1034;2544;48,39867871136835;57,0;189,0;9077;313,5;9,14;8,114832535885167;10,426229508196721;244;7,223131000000006;57;1,0618039999999989;977;29772,243889000038;0
15522;Panqueba;Panqueba;Gutiérrez;Código y nombre idénticos;338;1579;1814;37,782644695429696;75,0;4054,6699999999996;3780;39,67;21,32;45,72724981094026;5,366863905325443;338;18,255321000000023;9;0,157884;1570;3913,514159999998;0
15531;Pauna;Pauna;Occidente;Código y nombre idénticos;763;4044;7627;255,22755888998302;180,0;32927,619999999995;10402;252,51;37,86;30,20474436655974;9,996068152031455;763;30,95360800000001;93;0,7767029999999999;3951;24929,797308999892;0
15533;Paya;Paya;La Libertad;Código y nombre idénticos;80;874;2795;35,03007267461519;30,0;1852,15;8910;443,39;11,37;6,3037055413969645;34,9375;80;9,755834;0;0,0;874;41122,30834100003;0
15537;Paz de río;Paz De Río;Valderrama;Código y nombre idénticos;844;3599;4515;102,68936349496721;291,0;1250,8679694137638;2637;122,65;81,85;36,8120668569099;5,349526066350711;844;73,07945400000003;26;0,434315;3573;12137,270885000022;0
15542;Pesca;Pesca;Sugamuxi;Código y nombre idénticos;1108;8089;7193;119,02082748399775;166,0;10231,762219832934;13485;262,95;79,62;27,35501045826203;6,491877256317689;1108;69,54184799999987;35;0,6977249999999999;8054;28127,960347000007;0
15550;Pisba;Pisba;La Libertad;Código y nombre idénticos;266;1300;1875;25,165078341114736;19,0;1221,956355140187;5327;464,59;22,95;4,035816526399621;7,048872180451128;266;20,198947999999973;7;0,155008;1293;46408,18012300004;0
15572;Puerto Boyacá;Puerto Boyacá;Occidente;Código y nombre idénticos;10894;2767;50667;3084,5800671697243;;6036,67;151388;1512,98;492,13;33,488215310182554;4,650908757114007;10894;419,73252800000387;493;4,677452999999995;2274;144238,32188199987;0
15580;Quípama;Quípama;Occidente;Código y nombre idénticos;395;1166;5272;117,08870960742163;53,0;19242,989999999998;5272;167,33;30,63;31,506603717205518;13,346835443037975;395;27,380415000000017;133;1,7322389999999996;1033;16505,87137699998;0
15599;Ramiriquí;Ramiriquí;Márquez;Código y nombre idénticos;1893;8073;10644;200,26281359346177;415,0;15034,275700934579;10896;125,54;147,62;84,78572566512665;5,622820919175911;1893;131,157473;110;1,926646;7963;11911,114027999956;0
15600;Ráquira;Ráquira;Ricaurte;Código y nombre idénticos;759;5332;8518;254,27703924928232;350,0;18431,246983538673;5018;220,65;50,29;38,60412417856333;11,22266139657444;759;43,04307100000005;35;0,650525;5297;21233,901817999962;0
15621;Rondón;Rondón;Márquez;Código y nombre idénticos;278;3679;2548;46,26882708420894;32,0;1674,6953667036275;7068;206,42;15,08;12,343765139036917;9,16546762589928;278;12,99761900000001;24;0,376094;3654;15696,952001999998;1
15632;Saboyá;Saboyá;Occidente;Código y nombre idénticos;551;11199;14623;332,34788339049635;203,0;106411,76425629653;29308;248,65;50,98;58,80957168711039;26,53901996370236;551;45,50933399999993;17;0,343916;11182;24950,873007000144;0
15638;Sáchica;Sáchica;Ricaurte;Código y nombre idénticos;833;1149;5933;186,08307841028156;199,0;18275,0;498;63,93;49,1;92,80463006413265;7,122448979591836;833;40,80611599999998;1;0,029013;1148;6064,510539000001;0
15646;Samacá;Samacá;Centro;Código y nombre idénticos;2299;6940;19850;584,3241376308414;1064,0;54666,724677017904;6778;167,58;105,52;118,45088912758085;8,634188777729447;2299;89,2270349999995;164;2,3885400000000008;6775;17151,951857999997;1
15660;San Eduardo;San Eduardo;Lengupá;Código y nombre idénticos;467;1553;1767;37,144288660120736;30,0;5160,83;6089;109,4;27,6;16,151736745886655;3,78372591006424;467;23,780312000000045;0;0,0;1553;10807,852941000005;0
15664;San José de Pare;San José De Pare;Ricaurte;Código y nombre idénticos;297;2662;5328;149,62642143623293;93,0;442947,45999999996;1800;74,39;19,48;71,62252990993413;17,939393939393938;297;16,70961100000001;77;1,2153899999999997;2585;7337,20790800001;0
15667;San Luis de Gaceno;San Luis De Gaceno;Neira;Código y nombre idénticos;1183;2888;5877;101,45394222796921;195,0;1606,219152542373;36957;469,63;101,55;12,514106850073462;4,967878275570583;1183;86,7876120000001;46;0,8790939999999998;2842;45033,249593;0
15673;San Mateo;San Mateo;Norte;Código y nombre idénticos;597;4223;3568;86,1516267442058;126,0;4682,76;7462;123,77;36,15;28,8276642158843;5,976549413735343;597;32,69081300000001;5;0,08526800000000001;4218;12251,529946999986;0
15676;San Miguel de Sema;San Miguel De Sema;Occidente;Código y nombre idénticos;263;3176;3203;64,87247019892752;76,0;2062,3435396379323;23260;93,95;20,8;34,092602448110696;12,1787072243346;263;17,923101999999986;4;0,038665;3172;9028,429317000018;0
15681;San Pablo de Borbur;San Pablo De Borbur;Occidente;Código y nombre idénticos;429;1798;7099;113,8893727220185;172,0;9453,051495327101;8089;195,93;29,36;36,23232787219926;16,547785547785548;429;24,925537999999992;165;2,4391590000000005;1633;19407,02492500003;0
15690;Santa María;Santa María;Neira;Código y nombre idénticos;719;1871;3758;1301,1491838977586;116,0;2730,79;13267;309,67;63,11;12,13549907966545;5,226703755215577;719;55,44385700000005;26;0,4470399999999999;1845;32223,951533000032;0
15693;Santa Rosa de Viterbo;Santa Rosa De Viterbo;Tundama;Código y nombre idénticos;30;4446;14128;174,25679563760764;504,0;3878,624628544274;10948;116,7;11,93;121,06255355612682;470,93333333333334;30;11,447757999999999;51;0,8940370000000002;4395;11003,638754999998;0
15696;Santa Sofía;Santa Sofía;Ricaurte;Código y nombre idénticos;410;2994;3398;82,93230818064622;121,0;18855,071793125295;4514;77,52;31,16;43,83384932920537;8,28780487804878;410;26,41348900000001;57;0,724739;2937;7665,154360999998;0
15686;Santana;Santana;Ricaurte;Código y nombre idénticos;922;2252;8130;166,35087126711213;208,0;285571,85;2083;67,93;45,28;119,68202561460326;8,817787418655097;922;38,33873500000001;89;1,5853450000000004;2163;6661,84043299999;0
15720;Sativanorte;Sativanorte;Norte;Código y nombre idénticos;375;3666;2319;43,528933100080636;74,0;2299,5888263998013;5543;161,25;15,43;14,38139534883721;6,184;375;11,066425999999954;14;0,21434;3652;15943,526255000012;0
15723;Sativasur;Sativasur;Norte;Código y nombre idénticos;170;1333;1163;48,18027496650359;40,0;241,34835383230842;2053;54,9;8,33;21,183970856102004;6,841176470588235;170;7,246428999999999;0;0,0;1333;5437,929969999997;0
15740;Siachoque;Siachoque;Centro;Código y nombre idénticos;626;6364;7204;228,2315779722776;105,0;145229,7235862506;13766;119,22;40,06;60,42610300285187;11,507987220447284;626;35,79203400000001;28;0,6046780000000002;6336;12081,890254999971;0
15753;Soatá;Soatá;Norte;Código y nombre idénticos;2608;3629;9518;151,67734623791412;509,0;6182,942249919415;4334;122,93;110,4;77,4261774993899;3,6495398773006134;2608;92,10979699999925;8;0,16334500000000002;3621;11940,324684000001;0
15757;Socha;Socha;Valderrama;Código y nombre idénticos;1503;5054;8525;207,1252104142099;549,0;1214,6600744495486;4330;150,06;72,12;56,81060908969745;5,671989354624086;1503;60,277194999999885;57;0,8041859999999997;4997;14921,22670699996;0
15755;Socotá;Socotá;Valderrama;Código y nombre idénticos;279;8649;7688;271,97071096069374;270,0;16553,94835387961;8826;603,15;11,13;12,7464146563873;27,555555555555557;279;9,070418999999998;69;1,0528249999999997;8580;59391,15739300019;0
15759;Sogamoso;Sogamoso;Sugamuxi;Código y nombre idénticos;33618;20467;137759;4123,719678874356;6793,0;13198,889611633726;12543;207,67;1733,11;663,355323349545;4,097775001487299;33618;1498,4336790000064;1588;26,43499000000001;18879;18966,90734099997;0
15761;Somondoco;Somondoco;Oriente;Código y nombre idénticos;315;4076;3088;78,46708721253025;72,0;2860,836542056075;4474;58,8;26,95;52,51700680272109;9,803174603174604;315;23,064742000000003;25;0,41667200000000004;4051;5785,868272999988;0
15762;Sora;Sora;Centro;Código y nombre idénticos;244;1836;3239;41,24437405863076;46,0;14488,51241881831;3776;47,79;25,99;67,77568528980959;13,274590163934427;244;22,592256999999993;6;0,099154;1830;4761,543496000004;0
15764;Soracá;Soracá;Centro;Código y nombre idénticos;513;3851;6430;137,22388692962755;180,0;43531,61940440361;7919;55,77;30,3;115,2949614488076;12,534113060428849;513;26,17652999999992;52;0,5797829999999999;3799;5556,406836000004;0
15763;Sotaquirá;Sotaquirá;Centro;Código y nombre idénticos;371;7551;8791;161,90658618082642;177,0;16923,45;20969;285,18;31,58;30,82614489094607;23,695417789757414;371;27,568674999999995;110;2,010129;7441;28943,601569999973;0
15774;Susacón;Susacón;Norte;Código y nombre idénticos;365;3195;2868;51,22032770106481;64,0;16606,007200221764;6780;182,57;40,97;15,709043106753574;7,857534246575343;365;37,646100999999966;16;0,3367800000000001;3179;18138,627238000015;0
15776;Sutamarchán;Sutamarchán;Ricaurte;Código y nombre idénticos;923;4421;6587;194,14502478123683;152,0;37667,187945509264;4455;103,55;52,63;63,61178174794785;7,136511375947996;923;44,05700399999997;122;2,0030720000000013;4299;10134,688144000025;0
15778;Sutatenza;Sutatenza;Oriente;Código y nombre idénticos;389;5230;4536;91,3451270945786;79,0;3975,068584070797;3502;41,15;40,63;110,23086269744836;11,660668380462726;389;34,621857999999975;19;0,45484100000000005;5211;4021,9553709999973;0
15790;Tasco;Tasco;Valderrama;Código y nombre idénticos;660;4971;6216;147,06076194532412;195,0;1619,8490767246487;9583;209,61;33,31;29,65507370831544;9,418181818181818;660;28,083648000000014;65;0,7080190000000001;4906;20288,644296000028;0
15798;Tenza;Tenza;Oriente;Código y nombre idénticos;778;4902;4087;100,7999380054284;103,0;3849,758419009946;5831;45,84;38,27;89,15794066317626;5,253213367609255;778;32,68996699999992;50;0,837964;4852;4509,051815000003;0
15804;Tibaná;Tibaná;Márquez;Código y nombre idénticos;929;8984;9694;547,264103042414;211,0;84285,19819420244;9811;121,74;60,35;79,62871693773616;10,434876210979548;929;52,12910100000004;25;0,510869;8958;11968,573751000033;1
15806;Tibasosa;Tibasosa;Sugamuxi;Código y nombre idénticos;2185;7521;14063;1141,8358827488387;518,0;20461,92586725804;9400;93,74;115,61;150,02133560913165;6,436155606407323;2185;98,68092800000002;428;7,1373479999999985;7088;9012,868171999964;5
15808;Tinjacá;Tinjacá;Ricaurte;Código y nombre idénticos;373;2729;3537;58,15937510117283;119,0;3654,053290634599;3238;79,71;20,02;44,3733534060971;9,482573726541554;373;16,735560000000014;26;0,492719;2703;7832,610212999992;0
15810;Tipacoque;Tipacoque;Norte;Código y nombre idénticos;379;2399;3522;47,7555784332439;92,0;2419,7;4467;71,9;40,52;48,984700973574405;9,29287598944591;379;36,18165199999999;21;0,487089;2378;7073,902876999989;0
15814;Toca;Toca;Centro;Código y nombre idénticos;1553;4840;9428;183,11577910903065;259,0;69569,56185648662;14067;168,28;76,41;56,02567149988115;6,070830650354154;1553;65,82033000000004;58;0,7421589999999999;4782;16753,63783500001;0
15816;Togüí;Togüí;Ricaurte;Código y nombre idénticos;219;2549;4629;110,5590148714119;71,0;334861,69;2933;101,3;14,79;45,695952615992105;21,136986301369863;219;12,062560000000001;38;0,502979;2511;10623,370139999988;0
15820;Tópaga;Tópaga;Sugamuxi;Código y nombre idénticos;440;3491;3877;110,55316668685137;150,0;2477,306813084112;1373;33,59;34,5;115,42125632628758;8,811363636363636;440;30,647721;101;1,5675150000000002;3390;3299,0114540000045;0
15822;Tota;Tota;Sugamuxi;Código y nombre idénticos;374;8715;5551;76,45747723529861;98,0;15261,409023240427;9690;196,07;43,1;28,311317386647627;14,842245989304812;374;38,72480199999997;82;1,7341670000000005;8633;17391,60131599999;0
15001;Tunja;Tunja;Centro;Código y nombre idénticos;27858;4365;187286;5163,710288638061;9184,0;106100,34755898308;10538;119,76;1242,83;1563,8443553774214;6,72288032163113;27858;1082,6584220000786;163;2,8480209999999984;4199;9449,278657000028;3
15832;Tununguá;Tununguá;Occidente;Código y nombre idénticos;95;794;1651;124,59408496383321;44,0;10818,13;860;29,24;7,53;56,46374829001368;17,378947368421052;95;6,296341000000003;2;0,044519;792;2910,1315379999983;0
15835;Turmequé;Turmequé;Márquez;Código y nombre idénticos;1030;6337;6528;189,86417131485757;171,0;23503,852273507822;11046;79,75;83,39;81,85579937304075;6,337864077669903;1030;74,45697100000008;34;0,5449539999999999;6303;7837,799885999974;0
15837;Tuta;Tuta;Centro;Código y nombre idénticos;1054;5726;8915;1134,5396490602366;269,0;17735,645414446157;30579;165,43;73,1;53,88986278184126;8,458254269449716;1054;65,61922800000009;134;1,333924000000001;5592;16121,28309800002;0
15839;Tutazá;Tutazá;Tundama;Código y nombre idénticos;148;1491;2193;51,60365306496489;30,0;22190,141061946902;7964;121,96;13,94;17,981305346015088;14,817567567567568;148;11,749415999999997;0;0,0;1491;18517,576938999977;0
15842;Úmbita;Úmbita;Márquez;Código y nombre idénticos;565;7328;8043;160,14715622288165;97,0;38852,76393263946;12781;146,15;48,74;55,03250085528566;14,235398230088496;565;41,978554999999965;24;0,455469;7304;14713,247456999961;0
15861;Ventaquemada;Ventaquemada;Centro;Código y nombre idénticos;908;11415;17012;348,00607131719266;525,0;119660,03591102388;23380;160,01;89,26;106,31835510280608;18,73568281938326;908;82,51625699999991;352;6,7014000000000005;11062;15640,98528099999;1
15407;Villa de Leyva;Villa De Leyva;Ricaurte;Código y nombre idénticos;2665;5959;17627;810,1838230303838;1490,0;75464,7033186598;4484;126,53;186,73;139,31083537500987;6,614258911819888;2665;163,0286869999992;113;2,0382440000000015;5845;11794,755267999935;1
15879;Viracachá;Viracachá;Márquez;Código y nombre idénticos;314;5257;3006;61,324804192744324;36,0;16408,38275859338;7120;62,54;28,5;48,065238247521584;9,573248407643312;314;25,300121000000008;23;0,4467590000000001;5234;6267,040483999997;0
15897;Zetaquirá;Zetaquira;Lengupá;"Código igual; nombre igual sin tildes/mayúsculas";443;3905;4954;93,2766599875464;150,0;7335,07;9593;251,33;25,27;19,711136752476822;11,182844243792324;443;23,083698000000002;17;0,22028899999999998;3887;25793,602208999964;1
